{"cameraMode":{"drawMode":0,"name":"Shaded","section":"Shading Mode"},"sceneLighting":true,"audioPlay":false,"sceneViewState":{"m_AlwaysRefresh":false,"showFog":true,"showSkybox":true,"showFlares":true,"showImageEffects":true,"showParticleSystems":true,"showVisualEffectGraphs":true,"m_FxEnabled":true},"in2DMode":false,"pivot":{"x":270.9758605957031,"y":1.0409958362579346,"z":13.66335678100586},"rotation":{"x":0.1270446628332138,"y":-0.2235187590122223,"z":0.029639897868037225,"w":0.9660797119140625},"size":1.2783310413360596,"orthographic":false}